INSERT INTO EMPLOYEE(idEmployee,firstNameEmp,middleNameEmp,lastNameEmp,contactNumberEmp,positionEmp,departmentEmp,passwordEmp,addressEmp,passFlagEmp, genderEmp) VALUES ('admin', '','','','','Administrator', '','admin1234', '', 1,'');

INSERT INTO EMPLOYEE(idEmployee,firstNameEmp,middleNameEmp,lastNameEmp,contactNumberEmp,positionEmp,departmentEmp,passwordEmp,addressEmp,passFlagEmp,genderEmp) VALUES (11233877, 'Jason','Anthony','Cruz','1234567','Subject Teacher', 'Elementary','Isawboy', 'blabla', 1, 'Male');
INSERT INTO EMPLOYEE(idEmployee,firstNameEmp,middleNameEmp,lastNameEmp,contactNumberEmp,positionEmp,departmentEmp,passwordEmp,addressEmp,passFlagEmp,genderEmp) VALUES (11233788, 'Jasonwe','Anthony','Cruz','1234567','Subject Teacher', 'High School','Isawboy', 'blabla', 1, 'Male');


INSERT INTO EMPLOYEE(idEmployee,firstNameEmp,middleNameEmp,lastNameEmp,contactNumberEmp,positionEmp,departmentEmp,passwordEmp,addressEmp,passFlagEmp,genderEmp) VALUES (12345678, 'Jason','Anthon','Cruz','1234567','Principal', 'NonE','Isawboy', 'blabla', 1, 'Female');

INSERT INTO SECTION(`sectionName`, `sectionYearLevel`, sectionSchoolYear) VALUES ('Peace', 2,2014);
INSERT INTO SECTION(`sectionName`, `sectionYearLevel`, sectionSchoolYear) VALUES ('Love', 5, 2014);

INSERT INTO SUBJECT(subjectName,subjectGradeLevel) VALUES ('Mathematics', 1);
INSERT INTO SUBJECT(subjectName,subjectGradeLevel) VALUES ('Mathematics', 2);
INSERT INTO SUBJECT(subjectName,subjectGradeLevel) VALUES ('Mathematics', 3);
INSERT INTO SUBJECT(subjectName,subjectGradeLevel) VALUES ('Mathematics', 4);
INSERT INTO SUBJECT(subjectName,subjectGradeLevel) VALUES ('Mathematics', 5);
INSERT INTO SUBJECT(subjectName,subjectGradeLevel) VALUES ('Mathematics', 6);
INSERT INTO SUBJECT(subjectName,subjectGradeLevel) VALUES ('Mathematics', 7);
INSERT INTO SUBJECT(subjectName,subjectGradeLevel) VALUES ('Mathematics', 8);
INSERT INTO SUBJECT(subjectName,subjectGradeLevel) VALUES ('Mathematics', 9);
INSERT INTO SUBJECT(subjectName,subjectGradeLevel) VALUES ('Mathematics', 10);
INSERT INTO SUBJECT(subjectName, subjectGradeLevel) VALUES ('Filipino', 1);
INSERT INTO SUBJECT(subjectName, subjectGradeLevel) VALUES ('Filipino', 2);
INSERT INTO SUBJECT(subjectName, subjectGradeLevel) VALUES ('Filipino', 3);
INSERT INTO SUBJECT(subjectName, subjectGradeLevel) VALUES ('Filipino', 4);
INSERT INTO SUBJECT(subjectName, subjectGradeLevel) VALUES ('Filipino', 5);
INSERT INTO SUBJECT(subjectName, subjectGradeLevel) VALUES ('Filipino', 6);
INSERT INTO SUBJECT(subjectName, subjectGradeLevel) VALUES ('Filipino', 7);
INSERT INTO SUBJECT(subjectName, subjectGradeLevel) VALUES ('Filipino', 8);
INSERT INTO SUBJECT(subjectName, subjectGradeLevel) VALUES ('Filipino', 9);
INSERT INTO SUBJECT(subjectName, subjectGradeLevel) VALUES ('Filipino', 10);
INSERT INTO SUBJECT(subjectName, subjectGradeLevel) VALUES ('English',1);
INSERT INTO SUBJECT(subjectName, subjectGradeLevel) VALUES ('English',2);
INSERT INTO SUBJECT(subjectName, subjectGradeLevel) VALUES ('English',3);
INSERT INTO SUBJECT(subjectName, subjectGradeLevel) VALUES ('English',4);
INSERT INTO SUBJECT(subjectName, subjectGradeLevel) VALUES ('English',5);
INSERT INTO SUBJECT(subjectName, subjectGradeLevel) VALUES ('English',6);
INSERT INTO SUBJECT(subjectName, subjectGradeLevel) VALUES ('English',7);
INSERT INTO SUBJECT(subjectName, subjectGradeLevel) VALUES ('English',8);
INSERT INTO SUBJECT(subjectName, subjectGradeLevel) VALUES ('English',9);
INSERT INTO SUBJECT(subjectName, subjectGradeLevel) VALUES ('English',10);
INSERT INTO SUBJECT(subjectName, subjectGradeLevel) VALUES ('Science',1);
INSERT INTO SUBJECT(subjectName, subjectGradeLevel) VALUES ('Science',2);
INSERT INTO SUBJECT(subjectName, subjectGradeLevel) VALUES ('Science',3);
INSERT INTO SUBJECT(subjectName, subjectGradeLevel) VALUES ('Science',4);
INSERT INTO SUBJECT(subjectName, subjectGradeLevel) VALUES ('Science',5);
INSERT INTO SUBJECT(subjectName, subjectGradeLevel) VALUES ('Science',6);
INSERT INTO SUBJECT(subjectName, subjectGradeLevel) VALUES ('Science',7);
INSERT INTO SUBJECT(subjectName, subjectGradeLevel) VALUES ('Science',8);
INSERT INTO SUBJECT(subjectName, subjectGradeLevel) VALUES ('Science',9);
INSERT INTO SUBJECT(subjectName, subjectGradeLevel) VALUES ('Science',10);
INSERT INTO SUBJECT(subjectName, subjectGradeLevel) VALUES ('Social Studies',1);
INSERT INTO SUBJECT(subjectName, subjectGradeLevel) VALUES ('Social Studies',2);
INSERT INTO SUBJECT(subjectName, subjectGradeLevel) VALUES ('Social Studies',3);
INSERT INTO SUBJECT(subjectName, subjectGradeLevel) VALUES ('Social Studies',4);
INSERT INTO SUBJECT(subjectName, subjectGradeLevel) VALUES ('Social Studies',5);
INSERT INTO SUBJECT(subjectName, subjectGradeLevel) VALUES ('Social Studies',6);
INSERT INTO SUBJECT(subjectName, subjectGradeLevel) VALUES ('Social Studies',7);
INSERT INTO SUBJECT(subjectName, subjectGradeLevel) VALUES ('Social Studies',8);
INSERT INTO SUBJECT(subjectName, subjectGradeLevel) VALUES ('Social Studies',9);
INSERT INTO SUBJECT(subjectName, subjectGradeLevel) VALUES ('Social Studies',10);
INSERT INTO SUBJECT(subjectName, subjectGradeLevel) VALUES ('Christian Living',1);
INSERT INTO SUBJECT(subjectName, subjectGradeLevel) VALUES ('Christian Living',2);
INSERT INTO SUBJECT(subjectName, subjectGradeLevel) VALUES ('Christian Living',3);
INSERT INTO SUBJECT(subjectName, subjectGradeLevel) VALUES ('Christian Living',4);
INSERT INTO SUBJECT(subjectName, subjectGradeLevel) VALUES ('Christian Living',5);
INSERT INTO SUBJECT(subjectName, subjectGradeLevel) VALUES ('Christian Living',6);
INSERT INTO SUBJECT(subjectName, subjectGradeLevel) VALUES ('Christian Living',7);
INSERT INTO SUBJECT(subjectName, subjectGradeLevel) VALUES ('Christian Living',8);
INSERT INTO SUBJECT(subjectName, subjectGradeLevel) VALUES ('Christian Living',9);
INSERT INTO SUBJECT(subjectName, subjectGradeLevel) VALUES ('Christian Living',10);
INSERT INTO SUBJECT(subjectName, subjectGradeLevel) VALUES ('HELE/Computer',1);
INSERT INTO SUBJECT(subjectName, subjectGradeLevel) VALUES ('HELE/Computer',2);
INSERT INTO SUBJECT(subjectName, subjectGradeLevel) VALUES ('HELE/Computer',3);
INSERT INTO SUBJECT(subjectName, subjectGradeLevel) VALUES ('HELE/Computer',4);
INSERT INTO SUBJECT(subjectName, subjectGradeLevel) VALUES ('HELE/Computer',5);
INSERT INTO SUBJECT(subjectName, subjectGradeLevel) VALUES ('HELE/Computer',6);
INSERT INTO SUBJECT(subjectName, subjectGradeLevel) VALUES ('THE',7);
INSERT INTO SUBJECT(subjectName, subjectGradeLevel) VALUES ('THE',8);
INSERT INTO SUBJECT(subjectName, subjectGradeLevel) VALUES ('THE',9);
INSERT INTO SUBJECT(subjectName, subjectGradeLevel) VALUES ('THE',10);
INSERT INTO SUBJECT(subjectName, subjectGradeLevel) VALUES ('MAPEH',1);
INSERT INTO SUBJECT(subjectName, subjectGradeLevel) VALUES ('MAPEH',2);
INSERT INTO SUBJECT(subjectName, subjectGradeLevel) VALUES ('MAPEH',3);
INSERT INTO SUBJECT(subjectName, subjectGradeLevel) VALUES ('MAPEH',4);
INSERT INTO SUBJECT(subjectName, subjectGradeLevel) VALUES ('MAPEH',5);
INSERT INTO SUBJECT(subjectName, subjectGradeLevel) VALUES ('MAPEH',6);
INSERT INTO SUBJECT(subjectName, subjectGradeLevel) VALUES ('MAPEH',7);
INSERT INTO SUBJECT(subjectName, subjectGradeLevel) VALUES ('MAPEH',8);
INSERT INTO SUBJECT(subjectName, subjectGradeLevel) VALUES ('MAPEH',9);
INSERT INTO SUBJECT(subjectName, subjectGradeLevel) VALUES ('MAPEH',10);

#SELECT ct_idEmployee, subjectName FROM classTeacher, subject, section WHERE subjectID = ct_subjectID AND subjectName = 'Mathematics' AND sectionYearLevel = 2 and sectionID = ct_classID AND sectionSchoolYear = 2014;  


INSERT INTO STUDENT(idStudent,firstNameSt,middleNameSt,lastNameSt,genderSt,birthDateSt,yearLevelSt) VALUES (123456, 'jason', 'antyhon', 'cruz', 'm', 'October-12-1995', '1');
INSERT INTO STUDENT(idStudent,firstNameSt,middleNameSt,lastNameSt,genderSt,birthDateSt,yearLevelSt) VALUES (1234567, 'jasone', 'antyhon', 'cruz', 'm', 'October-12-1995', '1'); 
INSERT INTO STUDENT(idStudent,firstNameSt,middleNameSt,lastNameSt,genderSt,birthDateSt,yearLevelSt) VALUES (12345678, 'jasonee', 'antyhon', 'cruz', 'm', 'October-12-1995', '1'); 
INSERT INTO STUDENT(idStudent,firstNameSt,middleNameSt,lastNameSt,genderSt,birthDateSt,yearLevelSt) VALUES (12345653, 'jasonegfe', 'antyhon', 'cruz', 'm', 'October-12-1995', '1'); 
INSERT INTO STUDENT(idStudent,firstNameSt,middleNameSt,lastNameSt,genderSt,birthDateSt,yearLevelSt) VALUES (12345625, 'jasoneree', 'antyhon', 'cruz', 'm', 'October-12-1995', '1'); 
INSERT INTO STUDENT(idStudent,firstNameSt,middleNameSt,lastNameSt,genderSt,birthDateSt,yearLevelSt) VALUES (12345612, 'jasonewere', 'antyhon', 'cruz', 'm', 'October-12-1995', '1'); 
INSERT INTO STUDENT(idStudent,firstNameSt,middleNameSt,lastNameSt,genderSt,birthDateSt,yearLevelSt) VALUES (12345675, 'jasoneere', 'antyhon', 'cruz', 'm', 'October-12-1995', '1'); 
INSERT INTO STUDENT(idStudent,firstNameSt,middleNameSt,lastNameSt,genderSt,birthDateSt,yearLevelSt) VALUES (12345623, 'jasosdnee', 'antyhon', 'cruz', 'm', 'October-12-1995', '1'); 
INSERT INTO STUDENT(idStudent,firstNameSt,middleNameSt,lastNameSt,genderSt,birthDateSt,yearLevelSt) VALUES (12345674, 'jazxsonee', 'antyhon', 'cruz', 'm', 'October-12-1995', '1'); 

INSERT INTO CLASSADVISER(ca_classID,adviserID) VALUES(2,11233788);
INSERT INTO CLASSADVISER(ca_classID,adviserID) VALUES(3,11233877);


INSERT INTO CLASSTEACHER(ct_classID,ct_subjectID,ct_idEmployee) VALUES (2, 1, 11233877);
INSERT INTO CLASSTEACHER(ct_classID,ct_subjectID,ct_idEmployee) VALUES (3, 12, 11233877);
INSERT INTO CLASSTEACHER(ct_classID,ct_subjectID,ct_idEmployee) VALUES (3, 7, 11233877);
INSERT INTO CLASSTEACHER(ct_classID,ct_subjectID,ct_idEmployee) VALUES (2, 7, 11233877);
INSERT INTO CLASSTEACHER(ct_classID,ct_subjectID,ct_idEmployee) VALUES (2, 7, 11233788);

INSERT INTO GRADECOMPOSITION(gc_classID,gc_subjectID,gc_gradeQuarter,gc_gradeComp,gc_gradeCompNumber,KnowledgeValue,UnderstandingValue,SkillValue,ProductValue) VALUES(2,1,1,'Quiz',(SELECT (COUNT(*)+1) FROM (SELECT * FROM GRADECOMPOSITION) as gc WHERE gc_classID = 2 AND gc_subjectID = 1 AND gc_gradeQuarter = 1 AND gc_gradeComp = 'Quiz'), 30,40,20,50);

INSERT INTO GRADECOMPOSITION(gc_classID,gc_subjectID,gc_gradeQuarter,gc_gradeComp,gc_gradeCompNumber,KnowledgeValue,UnderstandingValue,SkillValue,ProductValue) VALUES(2,1,1,'Periodical Exam', 0, 30,40,20,50);

INSERT INTO GRADECOMPOSITION(gc_classID,gc_subjectID,gc_gradeQuarter,gc_gradeComp,gc_gradeCompNumber,KnowledgeValue,UnderstandingValue,SkillValue,ProductValue) VALUES(2,1,1,'Seatwork', (SELECT (COUNT(*)+1) FROM (SELECT * FROM GRADECOMPOSITION) as gc WHERE gc_classID = 2 AND gc_subjectID = 1 AND gc_gradeQuarter = 1 AND gc_gradeComp = 'Seatwork'),30,40,20,50);

INSERT INTO STUDENTROSTER(sr_ClassID,sr_StudentID) VALUES(2, 123456);
INSERT INTO STUDENTROSTER(sr_ClassID,sr_StudentID) VALUES(3, 12345678);
INSERT INTO STUDENTROSTER(sr_ClassID,sr_StudentID) VALUES(3, 1234567);
INSERT INTO STUDENTROSTER(sr_ClassID,sr_StudentID) VALUES(2, 12345612);

INSERT INTO SETTINGS(SettingName, SettingVal) VALUES('Knowledge', 25);
INSERT INTO SETTINGS(SettingName, SettingVal) VALUES('Understanding', 25);
INSERT INTO SETTINGS(SettingName, SettingVal) VALUES('Process', 25);
INSERT INTO SETTINGS(SettingName, SettingVal) VALUES('Product', 25);
INSERT INTO SETTINGS(SettingName, SettingVal) VALUES('Schoolyear', 2014);
INSERT INTO SETTINGS(SettingName, SettingVal) VALUES('Quarter', 1);

UPDATE SETTINGS SET SettingVal = 25 WHERE SettingName = 'Knowledge';
UPDATE SETTINGS SET SettingVal = 25 WHERE SettingName = 'Understanding';
UPDATE SETTINGS SET SettingVal = 25 WHERE SettingName = 'Process';
UPDATE SETTINGS SET SettingVal = 25 WHERE SettingName = 'Product';
UPDATE SETTINGS SET SettingVal = 2014 WHERE SettingName = 'SchoolYear';
UPDATE SETTINGS SET SettingVal = 1 WHERE SettingName = 'Quarter';